"file","bytes","mtime","md5"
"/Users/kalo/TOBRAMYCIN PROJECT/002 - build finale/02_ENGINE/results_run_20260905_125802/cluster_dendrogram.png",92664,"2026-09-05 13:04:06","b6bb222290e6b9c0caf5b9477fd3bfcd"
"/Users/kalo/TOBRAMYCIN PROJECT/002 - build finale/02_ENGINE/results_run_20260905_125802/cluster_summary.csv",335,"2026-09-05 13:04:06","72b22061b3707a4725909e084cac2f0b"
"/Users/kalo/TOBRAMYCIN PROJECT/002 - build finale/02_ENGINE/results_run_20260905_125802/comparison_table.csv",3400,"2026-09-05 13:04:06","e0c14d630d649f262fa3d7dfb240fe25"
"/Users/kalo/TOBRAMYCIN PROJECT/002 - build finale/02_ENGINE/results_run_20260905_125802/convergence_plot.png",394096,"2026-09-05 13:04:03","ff4eac63bd5eb7fb1ce56be685ab2e16"
"/Users/kalo/TOBRAMYCIN PROJECT/002 - build finale/02_ENGINE/results_run_20260905_125802/correlation_data.csv",1894,"2026-09-05 13:04:04","be4d17e4b46f6884e888fc5d2a2058ba"
"/Users/kalo/TOBRAMYCIN PROJECT/002 - build finale/02_ENGINE/results_run_20260905_125802/correlation_matrix.png",419278,"2026-09-05 13:04:04","f8d668a22aaa6ee75837f70cd27e549d"
"/Users/kalo/TOBRAMYCIN PROJECT/002 - build finale/02_ENGINE/results_run_20260905_125802/cost_vs_efficacy.png",192245,"2026-09-05 13:04:08","278cf69f2ef7b3c81651e9e7d55956ba"
"/Users/kalo/TOBRAMYCIN PROJECT/002 - build finale/02_ENGINE/results_run_20260905_125802/feasibility_score.png",173570,"2026-09-05 13:04:08","e60973dd5b065ca5ee184cecab7f400e"
"/Users/kalo/TOBRAMYCIN PROJECT/002 - build finale/02_ENGINE/results_run_20260905_125802/fig1_pk_profiles_top3.png",262892,"2026-09-05 13:04:11","9cb2c43122aa565468d3c27db7746339"
"/Users/kalo/TOBRAMYCIN PROJECT/002 - build finale/02_ENGINE/results_run_20260905_125802/fig2_pareto_front.png",339157,"2026-09-05 13:04:11","90867bbbdc73eff4b5a923b1606b4fd6"
"/Users/kalo/TOBRAMYCIN PROJECT/002 - build finale/02_ENGINE/results_run_20260905_125802/fig3_literature_comparison.png",292259,"2026-09-05 13:04:11","8619156dacc8e830fdfa968e25a6e1a3"
"/Users/kalo/TOBRAMYCIN PROJECT/002 - build finale/02_ENGINE/results_run_20260905_125802/fig4_enhancement_factors.png",219170,"2026-09-05 13:04:11","d872df140b4eb139321ef560d2e2a993"
"/Users/kalo/TOBRAMYCIN PROJECT/002 - build finale/02_ENGINE/results_run_20260905_125802/fig5_convergence_comparison.png",185809,"2026-09-05 13:04:11","8762d702d55c50286f231b58f300d6a5"
"/Users/kalo/TOBRAMYCIN PROJECT/002 - build finale/02_ENGINE/results_run_20260905_125802/fig6_radar_top3.png",138878,"2026-09-05 13:04:11","7aeb4fdbb1d27eb606df17f453103c06"
"/Users/kalo/TOBRAMYCIN PROJECT/002 - build finale/02_ENGINE/results_run_20260905_125802/fitness_ranking.png",163224,"2026-09-05 13:04:04","f790fa59bfecb6e8a598617a4e0073e7"
"/Users/kalo/TOBRAMYCIN PROJECT/002 - build finale/02_ENGINE/results_run_20260905_125802/ga_output.rds",27288,"2026-09-05 12:58:15","2f2fa674092405902061b654adb86347"
"/Users/kalo/TOBRAMYCIN PROJECT/002 - build finale/02_ENGINE/results_run_20260905_125802/global_summary.csv",755,"2026-09-05 13:04:09","bdccbc0ba6fc72fb667635a5a5d349df"
"/Users/kalo/TOBRAMYCIN PROJECT/002 - build finale/02_ENGINE/results_run_20260905_125802/heatmap_top10.png",311931,"2026-09-05 13:04:03","fd2602b58f9ceebc92c1185f13cc7075"
"/Users/kalo/TOBRAMYCIN PROJECT/002 - build finale/02_ENGINE/results_run_20260905_125802/manufacturing_cost.png",172271,"2026-09-05 13:04:08","e90a81d656b1cf7c7b36b735d9d59ab8"
"/Users/kalo/TOBRAMYCIN PROJECT/002 - build finale/02_ENGINE/results_run_20260905_125802/manufacturing_steps.csv",4537,"2026-09-05 13:04:08","7b378760efa82cd995e46b3699f29ae0"
"/Users/kalo/TOBRAMYCIN PROJECT/002 - build finale/02_ENGINE/results_run_20260905_125802/manufacturing_summary.csv",509,"2026-09-05 13:04:08","c41f06a44bc1ba35477f4c1016b27a8c"
"/Users/kalo/TOBRAMYCIN PROJECT/002 - build finale/02_ENGINE/results_run_20260905_125802/manuscript_table_final.csv",1032,"2026-09-05 13:04:11","5bb11efb35611324d462a0d90b2ba871"
"/Users/kalo/TOBRAMYCIN PROJECT/002 - build finale/02_ENGINE/results_run_20260905_125802/manuscript_table_top10.csv",1170,"2026-09-05 13:04:04","3f0993e8f283b5a3a4ffd03f6b45ad97"
"/Users/kalo/TOBRAMYCIN PROJECT/002 - build finale/02_ENGINE/results_run_20260905_125802/monte_carlo_data.csv",26636,"2026-09-05 13:04:02","f9bed055f372e198428c9e0cc2806697"
"/Users/kalo/TOBRAMYCIN PROJECT/002 - build finale/02_ENGINE/results_run_20260905_125802/monte_carlo_tornado.png",124570,"2026-09-05 13:04:02","de70dc69c0aceb4c151d306b6fed76de"
"/Users/kalo/TOBRAMYCIN PROJECT/002 - build finale/02_ENGINE/results_run_20260905_125802/nsga2_output.rds",3122377,"2026-09-05 13:03:54","29edc41f9eb8b32f160041329c948a66"
"/Users/kalo/TOBRAMYCIN PROJECT/002 - build finale/02_ENGINE/results_run_20260905_125802/pareto_correlation.png",316337,"2026-09-05 13:03:59","777353dd7d4af2ac0ca1aa54b7c81107"
"/Users/kalo/TOBRAMYCIN PROJECT/002 - build finale/02_ENGINE/results_run_20260905_125802/pareto_evolution_AUC.png",143141,"2026-09-05 13:03:58","44e9ed8aee4e1124709b5772358dbceb"
"/Users/kalo/TOBRAMYCIN PROJECT/002 - build finale/02_ENGINE/results_run_20260905_125802/pareto_evolution_F.png",149131,"2026-09-05 13:03:58","ea1564be80d043c3c860d344ef65eb19"
"/Users/kalo/TOBRAMYCIN PROJECT/002 - build finale/02_ENGINE/results_run_20260905_125802/pareto_facet_dose.png",547953,"2026-09-05 13:03:58","c522ac6c228d923c22f1670d766cf2b2"
"/Users/kalo/TOBRAMYCIN PROJECT/002 - build finale/02_ENGINE/results_run_20260905_125802/pareto_front_2d.png",330593,"2026-09-05 13:03:58","e91f44ab46ea088441e1661b744f7fb6"
"/Users/kalo/TOBRAMYCIN PROJECT/002 - build finale/02_ENGINE/results_run_20260905_125802/pareto_front_data.csv",53561,"2026-09-05 13:03:59","97c14e1560121df7b11c56651b663349"
"/Users/kalo/TOBRAMYCIN PROJECT/002 - build finale/02_ENGINE/results_run_20260905_125802/pareto_front.png",197652,"2026-09-05 13:04:03","f44e49a452c06cde3fef997336064fad"
"/Users/kalo/TOBRAMYCIN PROJECT/002 - build finale/02_ENGINE/results_run_20260905_125802/pareto_heatmap_top10.png",373985,"2026-09-05 13:03:58","c2c35a206da4d79efb8e7391d9d2c74a"
"/Users/kalo/TOBRAMYCIN PROJECT/002 - build finale/02_ENGINE/results_run_20260905_125802/pareto_params_distribution.png",506660,"2026-09-05 13:03:58","d2a2bdaac0eb1c552edaef1e701c159b"
"/Users/kalo/TOBRAMYCIN PROJECT/002 - build finale/02_ENGINE/results_run_20260905_125802/radar_chart.png",211430,"2026-09-05 13:04:04","35d6d7727ff27d54afef735223799344"
"/Users/kalo/TOBRAMYCIN PROJECT/002 - build finale/02_ENGINE/results_run_20260905_125802/regulatory_cost.png",179154,"2026-09-05 13:04:09","fc064f0ea86525dd10e66d578a23c1fc"
"/Users/kalo/TOBRAMYCIN PROJECT/002 - build finale/02_ENGINE/results_run_20260905_125802/regulatory_framework.csv",1855,"2026-09-05 13:04:09","392ead7a952d984620d31323c5c05c8d"
"/Users/kalo/TOBRAMYCIN PROJECT/002 - build finale/02_ENGINE/results_run_20260905_125802/regulatory_timeline.png",159024,"2026-09-05 13:04:09","a580f4a4ab092039e27174a18ff5d5fd"
"/Users/kalo/TOBRAMYCIN PROJECT/002 - build finale/02_ENGINE/results_run_20260905_125802/risk_analysis.csv",2720,"2026-09-05 13:04:09","74342717d68294c30c9d9e4f4d42c539"
"/Users/kalo/TOBRAMYCIN PROJECT/002 - build finale/02_ENGINE/results_run_20260905_125802/sensitivity_data.csv",4115,"2026-09-05 13:04:02","475ca367944d4aad17c9d7c6edb2097a"
"/Users/kalo/TOBRAMYCIN PROJECT/002 - build finale/02_ENGINE/results_run_20260905_125802/sensitivity_spider.png",357784,"2026-09-05 13:04:02","6def26f38ee3f977119152bfaeb2fb3d"
"/Users/kalo/TOBRAMYCIN PROJECT/002 - build finale/02_ENGINE/results_run_20260905_125802/sensitivity_tornado.png",279256,"2026-09-05 13:04:01","53f33016dd9000b6bf3545e40f83f75c"
"/Users/kalo/TOBRAMYCIN PROJECT/002 - build finale/02_ENGINE/results_run_20260905_125802/similarity_matrix.csv",2081,"2026-09-05 13:04:06","a46f903f17c86eb3035ce9ea0ed7b0f9"
"/Users/kalo/TOBRAMYCIN PROJECT/002 - build finale/02_ENGINE/results_run_20260905_125802/similarity_matrix.png",317272,"2026-09-05 13:04:06","7c31df65eed2145102a29f36ac871d2e"
"/Users/kalo/TOBRAMYCIN PROJECT/002 - build finale/02_ENGINE/results_run_20260905_125802/top10_advanced.csv",4020,"2026-09-05 13:03:54","1c3d7596e3ba0f74d87ff23849bc3d6a"
"/Users/kalo/TOBRAMYCIN PROJECT/002 - build finale/02_ENGINE/results_run_20260905_125802/top10_formulations.csv",3216,"2026-09-05 12:58:15","6787f2456dd90e5df7ab35af8a4199e0"
"/Users/kalo/TOBRAMYCIN PROJECT/002 - build finale/02_ENGINE/results_run_20260905_125802/top3_comparison.png",134926,"2026-09-05 13:04:06","672c94322ac914e09d8d1fd6ceb6e633"
"/Users/kalo/TOBRAMYCIN PROJECT/002 - build finale/02_ENGINE/results_run_20260905_125802/validation_cv_boxplot.png",198252,"2026-09-05 13:04:02","dc2ac341c02c8beba62dd6f2e500ad73"
"/Users/kalo/TOBRAMYCIN PROJECT/002 - build finale/02_ENGINE/results_run_20260905_125802/validation_cv_data.csv",2994,"2026-09-05 13:04:02","41edc35cea32c94df369fcccfece25ab"
"/Users/kalo/TOBRAMYCIN PROJECT/002 - build finale/02_ENGINE/results_run_20260905_125802/validation_cv_distribution.png",196757,"2026-09-05 13:04:02","3e26b99f90e169334c42428462dfe88e"
