rank,F_oral,Cmax_MIC,AUC_MIC,dose,fitness,Cmax,AUC,Ctrough,fCT,logP,particle_size,surfactant,cosurfactant,oil,pe_conc,polymer,chitosan,enteric,dose_range
65,33.81604767239706,9.484606213198006,31.92569033236986,547.0348893616747,0.6107263631713671,9.484606213198006,31.92569033236986,0.1564513907642937,29.313929313929314,1.500090080744626,50,49.99682530855734,30,20.000030912840227,50,30,1,1,401-700mg
68,33.829901515859476,9.42516993652221,31.725625190383766,543.3842321259987,0.6107245579365889,9.42516993652221,31.725625190383766,0.15547097459964304,29.313929313929314,1.4989563385225404,50,49.99669520709847,29.999999999999993,20.000030849316882,50,30,1,1,401-700mg
99,33.8498584489052,9.337427084134703,31.430274242167346,538.0081939391866,0.6107171079625541,9.337427084134703,31.430274242167346,0.15402360995238007,29.10602910602911,1.5013711440247108,50,49.99763344635119,29.999999986869643,20,50,29.99801268605137,1,1,401-700mg
114,33.765836674844046,9.692690509002508,32.62613382023394,559.8680350241767,0.610715068373509,9.692690509002508,32.62613382023394,0.15988391236634006,29.72972972972973,1.5023558524956255,50,49.99194272109653,29.999999999999993,20,49.99999999999999,29.999999999999996,1,1,401-700mg
184,33.74734678535552,9.77217604868437,32.89366481638728,564.7681604242241,0.6107141981450895,9.77217604868437,32.89366481638728,0.16119493556896616,29.93762993762994,1.4997314107321824,50.000086038887225,49.99704070325931,30,20.00001749061533,50,29.999999999999996,1,1,401-700mg
185,33.74734678535552,9.77217604868437,32.89366481638728,564.7681604242241,0.6107141981450895,9.77217604868437,32.89366481638728,0.16119493556896616,29.93762993762994,1.4997314107321824,50.000086038887225,49.99704070325931,30,20.00001749061533,50,29.999999999999996,1,1,401-700mg
44,33.884243838804075,9.188113757029146,30.927679146948893,528.867779797722,0.6107049058065427,9.188113757029146,30.927679146948893,0.1515606504577254,28.690228690228693,1.5002622212108268,50,49.99726575446567,30,20.000000003889774,50,30,1,1,401-700mg
63,33.72638180881833,9.857895138662414,33.18219883420384,570.0762990783827,0.6107041632840753,9.857895138662414,33.18219883420384,0.16260889200928486,30.14553014553015,1.5002472898188415,50,49.997274286458676,29.99999945815431,20.00000000012194,50,30,1,1,401-700mg
71,33.900035876962484,9.11750783312127,30.69001672203872,524.5592426692091,0.6106944087546876,9.11750783312127,30.69001672203872,0.1503959894818256,28.482328482328484,1.5000276935642438,50,49.997047870434024,30,20.00000231433877,50,30,1,1,401-700mg
107,33.708100477488266,9.928472339997612,33.41978854007481,574.4695223914813,0.610687019934516,9.928472339997612,33.41978854007481,0.16377320621817426,30.353430353430355,1.5023558524956255,50.00000158892376,49.99194272109653,29.999999999999996,20.000011584241008,49.99999999999999,29.999999999999996,1,1,401-700mg
104,33.682199854408736,10.035165804827951,33.778898780898366,581.0889478010984,0.610672999736011,10.035165804827951,33.778898780898366,0.16553301057088746,30.561330561330564,1.5039160197539025,50,49.99785262948343,30,20.00002216552935,50,29.999999999975923,1,1,401-700mg
133,33.692627063552855,9.988111877680621,33.62055625850077,578.1860293142904,0.6106716380739616,9.988111877680621,33.62055625850077,0.1647570727092199,30.561330561330564,1.5014877509008595,50.000000461868,49.987875543773384,30,20.000011584241008,50,30,1,1,401-700mg
106,33.94866094545518,8.892267088491463,29.931864859388604,510.86800216663386,0.6106428702570257,8.892267088491463,29.931864859388604,0.1466806852810485,28.06652806652807,1.5038224879321802,50,49.991771360339975,30,20.00000000005007,50,30,1,1,401-700mg
23,33.64171310401573,10.194272075521425,34.314457197909,591.0124196198955,0.6106338309088856,10.194272075521425,34.314457197909,0.16815750625499237,30.97713097713098,1.5037137748936489,50,49.99823570643688,30,20.00002200675205,50,30,1,1,401-700mg
158,33.62414434758099,10.262358918624724,34.54364064296525,595.2706120939745,0.6106137711707964,10.262358918624724,34.54364064296525,0.1692806162631772,30.97713097713098,1.5028184580637063,50,49.99833799155159,30,20.00000807242931,50,30,1,1,401-700mg
75,33.99073071920897,8.699844253660125,29.28413409451112,499.1941217062519,0.6105969006616127,8.699844253660125,29.28413409451112,0.14350647979000541,27.650727650727653,1.500073455133027,50,49.99830845172126,30,20.000001854017295,49.99999999999999,29.999999999999996,1,1,401-700mg
131,34.00921425587236,8.610377657683676,28.98298637388113,493.79206997118706,0.6105657900403291,8.610377657683676,28.98298637388113,0.1420307103197635,27.442827442827443,1.5059137392395994,50,49.997966405715744,29.999928215391613,20.000000053368467,49.99999999999661,30,1,1,401-700mg
60,33.574157159839494,10.4485934752542,35.17054830348787,606.9761054301404,0.6105391847999566,10.4485934752542,35.17054830348787,0.17235278121784245,31.392931392931395,1.499776826134637,50,49.99124621524721,30,20,49.99999999999999,30,1,1,401-700mg
78,33.56799291572894,10.476528565543273,35.26453963001265,608.7099782473609,0.6105381007637624,10.476528565543273,35.26453963001265,0.1728133684930533,31.600831600831604,1.5000276734431168,50,49.999940313089795,30,20.0000023629648,50,30,1,1,401-700mg
165,34.02933920159337,8.515021631715777,28.66200591749407,488.03463322152504,0.6105345170843054,8.515021631715777,28.66200591749407,0.14045774736791033,27.234927234927238,1.4998943907725515,50,49.99978724310285,30,20.000000000000004,50,30,1,1,401-700mg
176,34.04232854291702,8.44961429144412,28.44185049131667,484.10120856633375,0.6105064021650977,8.44961429144412,28.44185049131667,0.13937888250783317,27.027027027027028,1.500276834615825,50,49.99732350355829,29.99999971289103,20,49.999999999999986,30,1,1,401-700mg
59,33.52562945084026,10.630825658265723,35.78392647573714,618.4557456132083,0.6104629463700312,10.630825658265723,35.78392647573714,0.17535862217821666,31.80873180873181,1.5023762099358322,50.00922223608555,49.99674709480457,30,20.000266167243915,50,30,1,1,401-700mg
52,34.06420159191329,8.34149908511297,28.077926881996746,477.60009129449224,0.6104616006524473,8.34149908511297,28.077926881996746,0.13759547921947624,26.819126819126822,1.499701769224993,50.00001636945952,49.99789544047275,29.99999990654157,20,50,30,1,1,401-700mg
87,33.94742191284242,8.78066681590641,29.556877169397605,504.4861821401881,0.6104275390624593,8.78066681590641,29.556877169397605,0.14484332948455028,27.85862785862786,1.5002488028062142,50,49.996758121561356,29.82153477848997,20.0000000263373,49.999999999999986,30,1,1,401-700mg
197,34.094411272471916,8.187976983773465,27.561167158626503,468.3947145943528,0.610389189115971,8.187976983773465,27.561167158626503,0.1350631070990985,26.403326403326403,1.4995276558824364,50,49.9969075252591,29.999928313116538,20.000000000002075,49.99999999999659,30,1,1,401-700mg
91,33.49108844036558,10.74427668622981,36.16585091762572,625.7012166681454,0.610377217155968,10.74427668622981,36.16585091762572,0.17723025437000797,32.224532224532226,1.5218532844678692,50,49.98774036325055,30,20,50,29.999999999999993,1,1,401-700mg
149,34.10323794772425,8.142493852805826,27.408068698825435,465.67228939131286,0.6103662631184515,8.142493852805826,27.408068698825435,0.13431285035130625,26.403326403326403,1.502636318610695,50,49.99678392052409,30,20.00000066266135,50,30,1,1,401-700mg
130,33.46100327117862,10.866147105038223,36.57602393889192,633.3665325839377,0.6103392646244884,10.866147105038223,36.57602393889192,0.17924028168221895,32.432432432432435,1.4997088163111543,50,49.998241254469086,30,20.000000130633136,50,30,1,1,401-700mg
140,34.11113375006789,8.08704966935654,27.22143663626684,462.39429180305825,0.6103174595963174,8.08704966935654,27.22143663626684,0.13339826099211305,26.195426195426197,1.4747634097070137,50,49.99791268625361,29.999999999999996,20.000461909724727,50,30,1,1,401-700mg
188,34.12529916016938,8.02924577589684,27.026864176370758,458.8986378126046,0.6103086268107702,8.02924577589684,27.026864176370758,0.1324447608345117,26.195426195426197,1.5019382587466694,50.000000000000014,49.998340613696676,29.99999998638377,20,49.999999999997954,30,1,1,401-700mg
109,33.4635322668553,10.834984785552699,36.471160344044925,631.5029365681854,0.6103071226845044,10.834984785552699,36.471160344044925,0.1787264113113054,32.224532224532226,1.4671486474860918,50.00000000000001,49.991808185792436,30,20,50,29.999999999999996,1,1,401-700mg
163,33.431441391363755,10.96979963250759,36.92493131775278,639.9737650057517,0.6102723717708272,10.96979963250759,36.92493131775278,0.1809501003024009,32.640332640332645,1.5022002272701693,50,49.99667282716953,30,20.00000000858401,50,30,1,1,401-700mg
200,33.431441391363755,10.96979963250759,36.92493131775278,639.9737650057517,0.6102723717708272,10.96979963250759,36.92493131775278,0.1809501003024009,32.640332640332645,1.5022002272701693,50,49.99667282716953,30,20.00000000858401,50,30,1,1,401-700mg
168,33.41103138988691,11.041520763520898,37.166345950749374,644.5514045398504,0.6102251692251046,11.041520763520898,37.166345950749374,0.1821331482647337,32.84823284823285,1.498939634484908,50,49.9971966298638,30,20.000031903815163,49.99999999998979,29.999999999999996,1,1,401-700mg
24,33.40619037372562,11.05843532410809,37.223280689569314,645.6323336251339,0.6102136571406752,11.05843532410809,37.223280689569314,0.18241215591158488,32.84823284823285,1.500367653954294,50,49.99731505304097,30,20.000000017262344,50,30,1,1,401-700mg
62,33.557589496386605,10.332398179245551,34.77939408311406,600.521874262549,0.6102060586784649,10.332398179245551,34.77939408311406,0.17043592165964233,31.185031185031185,1.6,50,49.998870336045115,30,20,50,30,1,1,401-700mg
147,33.92800070106065,8.726759234913759,29.374771937481338,501.6650074767332,0.6101839783301013,8.726759234913759,29.374771937481338,0.14395066549182678,27.650727650727653,1.5025675453279528,50,49.9876473116041,30,20.00000000582286,50,29.76002040189978,1,1,401-700mg
190,33.71427676376374,9.60161760255014,32.32167865185994,555.4916001189034,0.6101559742164746,9.60161760255014,32.32167865185994,0.158392774664041,29.521829521829524,1.5013563388850237,50,49.99790746942968,29.49322432458959,20.000021826607185,50,29.99999999886201,1,1,401-700mg
16,33.35567334663039,11.232256326041302,37.80836890901136,656.7737799951352,0.6100855612595374,11.232256326041302,37.80836890901136,0.18527937137978698,33.264033264033266,1.4991039526473575,50,49.99782632900528,30,20.000000849360912,50,29.999999999999986,1,1,401-700mg
194,33.936518649250054,8.615309888248353,28.999590670788233,495.13332305651994,0.6100410530158201,8.615309888248353,28.999590670788233,0.1421120802991723,27.442827442827443,1.6,50.00000156830354,49.99732350355829,29.99999971289103,20,49.861487054080726,30,1,1,401-700mg
132,33.33279586061011,11.309367202181994,38.06793076252951,661.7365222000041,0.6100228156498008,11.309367202181994,38.06793076252951,0.18655135155960373,33.264033264033266,1.4995644143665685,50,49.99730640708544,30,20.000000000200483,50,29.999999999999996,1,1,401-700mg
9,33.32449489852777,11.337747930080843,38.163456746859005,663.5623038703418,0.6100003918951603,11.337747930080843,38.163456746859005,0.18701947326012902,33.471933471933475,1.5010052588415463,50.00001717316641,49.998327858804764,30,20.000000000200483,50,30,1,1,401-700mg
181,33.45191313721042,10.686840977636408,35.9743254905851,623.1163767427922,0.6099628451990841,10.686840977636408,35.9743254905851,0.17629240939035815,32.016632016632016,1.4998965989994122,50,51.993229337050934,27.60757299519374,20.255930010335337,50,30,1,1,401-700mg
50,33.26326813509621,11.535059598736284,38.82767103557255,676.3539000286888,0.6098101861361543,11.535059598736284,38.82767103557255,0.1902744670117438,33.88773388773389,1.49611501595175,50.00007457622152,49.98783439918339,30,20.000000000000007,49.999999999999986,29.999999999999,1,1,401-700mg
79,33.26326813509621,11.535059598736284,38.82767103557255,676.3539000286888,0.6098101861361543,11.535059598736284,38.82767103557255,0.1902744670117438,33.88773388773389,1.49611501595175,50.00007457622152,49.98783439918339,30,20.00000000143964,49.999999999999986,29.999999999999005,1,1,401-700mg
32,33.79145021026654,9.03457828134241,30.414311743604973,521.5170326094527,0.6097297648562456,9.03457828134241,30.414311743604973,0.1490462768387413,28.274428274428274,1.5002622212108268,50,49.12652412622614,30,20.000031148626938,50,29.999999999996245,1,1,401-700mg
69,33.99851856979092,8.189805264222898,27.569527922557604,469.858124498521,0.6097035709189995,8.189805264222898,27.569527922557604,0.1351049615459626,26.403326403326403,1.529210291733567,50,49.380428583268134,29.999999999999996,20.00000000435797,49.99999999998959,29.990655654328496,1,1,401-700mg
57,33.22833348376635,11.650291348546759,39.21553100997537,683.8283699568988,0.6097019610763337,11.650291348546759,39.21553100997537,0.1921751627914337,34.0956340956341,1.4987583383305454,50,49.99111823862351,29.999999666321262,20,50,30,1,1,401-700mg
179,33.77448943663693,9.054857036035084,30.482917862277212,522.9558842249571,0.6096389726296844,9.054857036035084,30.482917862277212,0.14938261864992244,28.482328482328484,1.5012355541418376,50,49.987615834354415,29.05354468273634,20,50,30,1,1,401-700mg
100,33.187450971466,11.781467412126567,39.657071855805306,692.3796939088477,0.6095656774888963,11.781467412126567,39.657071855805306,0.19433892550443393,34.303534303534306,1.500229830446115,50,49.99211119571679,30,20.000482963232997,50,30,1,1,401-700mg
121,33.158419690593384,11.870911504790072,39.95816826727848,698.2473900583018,0.6094606054767937,11.870911504790072,39.95816826727848,0.19581445331673186,34.511434511434516,1.4998186550050279,50,49.98774036325055,29.999999999999996,20,50,30,1,1,401-700mg
123,33.205093811776685,11.61962001183754,39.11230581838619,682.505699286011,0.6094556073340981,11.61962001183754,39.11230581838619,0.1916693156799882,34.0956340956341,1.4987535722656262,50,49.987990847294,29.99992423215182,20.00000000480355,50,29.864245404165338,1,1,401-700mg
115,33.61416620661743,9.642657923404352,32.457727091338775,559.4912975543558,0.6094541638700822,9.642657923404352,32.457727091338775,0.15905863984047522,29.72972972972973,1.4917363487043804,56.555953902626385,49.99058116510444,29.999999999999993,20.00000012478321,49.9999999999892,30,1,1,401-700mg
144,33.1530143166446,11.893339543760339,40.03360156873487,699.6796108891251,0.6094499910717122,11.893339543760339,40.03360156873487,0.19618408885012714,34.71933471933472,1.4998538016425094,50,49.99944844923165,30,20.000031903815163,49.999999999999986,30,1,1,401-700mg
128,33.63028079540112,9.559746729964187,32.1786164205803,554.4143335837715,0.6094338046243779,9.559746729964187,32.1786164205803,0.15769085109755815,29.521829521829524,1.3469268647082289,50.00008819197283,49.99704070325931,30,20.00001749061533,49.68276023482152,30,1,1,401-700mg
88,33.127590348072175,11.97241616543699,40.29977760398187,704.8721951763679,0.6093572002566192,11.97241616543699,40.29977760398187,0.19748848068354752,34.71933471933472,1.4998538016425094,50,49.99944844923165,30,20.000031903815163,49.999999999999986,30,1,1,701-1000mg
22,33.111580699776525,12.021127003992161,40.46374723731426,708.0823384607453,0.6092962938313534,12.021127003992161,40.46374723731426,0.1982920140792654,34.92723492723493,1.5027823515411254,50,49.998226670310274,30,20.00004623288065,50,30,1,1,701-1000mg
13,33.06693037120132,12.156854113506677,40.920618020725065,717.044121529636,0.6091231465041491,12.156854113506677,40.920618020725065,0.20053090528571155,35.13513513513514,1.5012697410746576,50,49.99706215293139,30,20.000000000000007,50,30,1,1,701-1000mg
33,33.04309591642329,12.228779506872142,41.16272049738835,721.8067110303103,0.6090280400843613,12.228779506872142,41.16272049738835,0.2017173241304932,35.343035343035346,1.5014760439122514,50.00000039747534,49.9974792740863,30,20,50,30,1,1,701-1000mg
113,33.00663182692667,12.337072351524641,41.527243083771154,729.0032552040036,0.6088773519530527,12.337072351524641,41.527243083771154,0.2035036631124995,35.550935550935556,1.499930752556583,50,49.99689843005055,30,20,49.99999999999808,30,1,1,701-1000mg
51,32.98454720778729,12.402288217305571,41.74676069881835,733.3475277237416,0.6087840629006163,12.402288217305571,41.74676069881835,0.20457940507095992,35.75883575883576,1.5000623657115788,50,49.997353933007595,29.999999999999996,20.000002451849223,50,30,1,1,701-1000mg
56,32.94882387358976,12.506292445663306,42.09684498495676,740.2990768220852,0.6086285865906305,12.506292445663306,42.09684498495676,0.20629498833191498,35.96673596673597,1.49986972977069,50.00000000000001,49.99732826830677,29.999928383461672,20,49.99999999999652,30,1,1,701-1000mg
153,32.926657174625326,12.570142633300735,42.31176852852594,744.5795647736202,0.6085296505467276,12.570142633300735,42.31176852852594,0.20734821825891417,36.17463617463618,1.5000614720529464,50.00000000000001,49.9971802916761,29.999999999999996,20.00000001775107,50,30,1,1,701-1000mg
143,32.91638700309864,12.599383616975656,42.410195256541044,746.5444800671643,0.6084829283675832,12.599383616975656,42.410195256541044,0.20783055704470185,36.17463617463618,1.4996264826953185,50.00244552150138,49.9971762794179,30,20,50,30,1,1,701-1000mg
125,32.96336377028251,12.318530650653537,41.46483073039251,728.86307677328,0.6084698903606705,12.318530650653537,41.46483073039251,0.20319781226392777,35.550935550935556,1.6,50,49.99689843005055,30,20,49.99999999999808,30,1,1,701-1000mg
150,32.8910887752049,12.666194370744734,42.63515155380602,751.0816197766018,0.60835903973499,12.666194370744734,42.63515155380602,0.20893297928851212,36.38253638253639,1.5027515801779767,50,49.998249718474604,29.98666934661557,20.000000004562906,50,30,1,1,701-1000mg
155,32.87954764133498,12.700344202772845,42.7500637573933,753.3703221586867,0.6083075620300942,12.700344202772845,42.7500637573933,0.20949608971449912,36.38253638253639,1.4894368709447767,50,49.991799045141796,29.999999999999993,20.00000016233257,50,30,1,1,701-1000mg
38,33.36313694289769,10.060697468914343,33.8648378830182,588.1386218539557,0.6082008594309216,10.060697468914343,33.8648378830182,0.1659541531799849,30.561330561330564,1.500073455133027,50,49.99826934141968,30,20.000001854017295,48.27600713985814,30,1,1,401-700mg
103,34.14345445788511,7.9336485575636555,26.705078483884414,453.193817744988,0.6081818953322538,7.9336485575636555,26.705078483884414,0.1308678544885639,25.779625779625782,1.5019375916318567,50,49.99846207803714,30,20,49.99999999999798,30,1,1,401-700mg
82,32.85124107323734,12.783712207720967,43.03065507271403,758.9685023355364,0.6081794749804753,12.783712207720967,43.03065507271403,0.21087111151654817,36.590436590436596,1.5000614720529464,50.00000000000001,49.9971802916761,30,20.00000001775107,50,30,1,1,701-1000mg
151,32.821432783133616,12.866676594565458,43.30991565456331,764.5878259051821,0.608035502269546,12.866676594565458,43.30991565456331,0.2122396232324004,36.7983367983368,1.4984570753816953,50,49.99752867155341,29.999999999998973,20,50,29.999999999999996,1,1,701-1000mg
154,32.78511670176243,12.931591822165103,43.528454322565544,769.2970851835518,0.6078044234766083,12.931591822165103,43.528454322565544,0.2133105810906683,36.7983367983368,1.5488326927037344,50,49.99211119571679,30,20.00049337042775,50,29.999999999999996,1,1,701-1000mg
171,32.76968725632504,13.004566415688684,43.774113855600916,774.0029936796277,0.6077720760573811,13.004566415688684,43.774113855600916,0.21451444140344678,37.00623700623701,1.500060687216134,50,49.988056555479154,30,20,50,29.999999999999993,1,1,701-1000mg
94,32.730842021695125,13.114202296070616,44.14308760284987,781.4534375902842,0.6075794836780246,13.114202296070616,44.14308760284987,0.21632256538933523,37.21413721413722,1.5000255360295476,50,49.99974587290482,30,20,50,30,1,1,701-1000mg
126,32.685637718783425,13.233398778748317,44.54432354220688,789.646985451413,0.607339192982444,13.233398778748317,44.54432354220688,0.21828882208812544,37.42203742203743,1.49986972977069,50.00000000000001,49.99732826830677,29.999928383461672,20,49.99999999999652,30,1,1,701-1000mg
43,32.66111172316908,13.286531700905876,44.723171666304324,793.4128106010961,0.6071905843294083,13.286531700905876,44.723171666304324,0.21916526472274614,37.62993762993763,1.5293332403037039,50,49.997276571885585,30,20,50,30,1,1,701-1000mg
164,33.94075110505495,7.946479685317748,26.75308717624019,456.7195983557716,0.6071662628702421,7.946479685317748,26.75308717624019,0.13110504599961242,25.987525987525988,1.5000469985717224,50,48.61427430659119,30,20,49.99999999999999,30,1,1,401-700mg
41,32.6205201808363,13.404256577271866,45.119427079048585,801.4386287316069,0.6069843556477311,13.404256577271866,45.119427079048585,0.22110710360582717,37.83783783783784,1.5013450471026852,50.00000000008918,49.999460934798435,30,20.00003173729273,50,29.999999999999993,1,1,701-1000mg
148,32.66977424824067,13.03897118482028,43.889869531002425,778.4231314745948,0.606916247043191,13.03897118482028,43.889869531002425,0.2150816793828915,37.00623700623701,1.3669305326842878,50,49.9973265543301,30,20.000009156275933,49.99999999998983,30,1,1,701-1000mg
192,32.70406424936648,12.805612509563282,43.10437536382517,763.6901778574132,0.6068913342631554,12.805612509563282,43.10437536382517,0.21123237783676577,36.590436590436596,1.4989563385225404,50,49.99669520709847,30,20.000484209004636,49.243352099125055,30,1,1,701-1000mg
76,32.5980092783676,13.436852755992414,45.2293626368035,803.9461423451074,0.6068225587138482,13.436852755992414,45.2293626368035,0.22164592732949434,38.04573804573805,1.5289242380184274,50.00000000008508,49.96277465997198,29.999999999999993,20.00002113979104,49.999999999999275,30,1,1,701-1000mg
36,32.56994864159175,13.533142820027939,45.55327456148244,810.40125373661715,0.6066973844142132,13.533142820027939,45.55327456148244,0.22323317082324604,38.25363825363826,1.4990308990777605,50.00000000008508,49.997824411992596,29.999999999999996,20.000009020282818,49.999999999989846,30,1,1,701-1000mg
25,32.507819045086805,13.678706385578325,46.04323906879011,820.6833290469816,0.6063201102120545,13.678706385578325,46.04323906879011,0.22563423082311718,38.46153846153847,1.5299782853199924,50,49.99952559379736,30,20.000030469448298,50,29.999999999999996,1,1,701-1000mg
28,32.45734200567813,13.814205660966161,46.49934384434623,830.1019796974755,0.6060315351723053,13.814205660966161,46.49934384434623,0.2278693685768228,38.66943866943867,1.5019382587466694,50.000000000000014,49.998339770555695,29.99999998638377,20,50,30,1,1,701-1000mg
122,32.47723559664412,13.549211436746306,45.607361849717115,813.6796830564798,0.605857599886322,13.549211436746306,45.607361849717115,0.22349822459570656,38.25363825363826,1.4085436098003234,51.68951055697432,49.99791330936143,29.999999999999996,20.000022034218908,49.99999999998929,30,1,1,701-1000mg
47,32.40735098671816,13.935270207704102,46.90686138228606,838.6686675317874,0.605722744190831,13.935270207704102,46.90686138228606,0.22986640559635751,39.08523908523909,1.4997388358498402,50.000085082198694,49.99704102423302,29.999999999999996,20.000000005168385,50,30,1,1,701-1000mg
159,32.39640811431278,13.962110065006398,46.99719708796114,840.5676520414374,0.6056549379266053,13.962110065006398,46.99719708796114,0.23030909095884097,39.08523908523909,1.5019358100444453,50,49.998466219776624,30,20.000000005168385,50,30,1,1,701-1000mg
135,32.37199045750414,14.019777623254491,47.19132018194938,844.676281834781,0.6054998345652308,14.019777623254491,47.19132018194938,0.23126039282611344,39.2931392931393,1.5037215103628405,50,49.99665851228117,30,20,50,30,1,1,701-1000mg
166,32.35647603027768,14.056863581031196,47.316153496337435,847.3167507654252,0.6054012665209528,14.056863581031196,47.316153496337435,0.23187213670638382,39.2931392931393,1.500276056213057,50,49.99665851228117,30,20,50,29.999999999999996,1,1,701-1000mg
189,32.3376801831225,14.101388254136614,47.46602531552364,850.4946406291615,0.6052806814296574,14.101388254136614,47.46602531552364,0.23260658117955008,39.2931392931393,1.4995148680000168,50,49.99675736313102,30,20.000000054006186,50,30,1,1,701-1000mg
111,32.318942243679174,14.145683517397204,47.61512223174574,853.660804776877,0.6051596562903628,14.145683517397204,47.61512223174574,0.233337227172158,39.5010395010395,1.500276056213057,50,49.99729255953672,30,20,50,30,1,1,701-1000mg
187,32.31155930322782,14.118857807007746,47.52482546541584,852.2366172803962,0.6050540034624404,14.118857807007746,47.52482546541584,0.232894729157021,39.5010395010395,1.560652091579876,50,49.99729255953672,30,20.000264110898787,50,30,1,1,701-1000mg
8,32.269452210712444,14.257520938715238,47.99160711088228,861.7301245518397,0.6048300615925498,14.257520938715238,47.99160711088228,0.23518219963135467,39.70893970893971,1.489013665124527,50,49.991799045141796,29.999999999999993,20.000006029562623,50,30,1,1,701-1000mg
55,32.22364172873194,14.358568013596676,48.33170271339726,869.0705866987968,0.6045176504556704,14.358568013596676,48.33170271339726,0.2368488195820768,39.91683991683992,1.499631841833413,50.12420859316752,49.997299324804224,30,20,50,29.999999999999996,1,1,701-1000mg
35,32.195032091947986,14.428307800215475,48.56645306396151,874.0677588308495,0.6043289500180621,14.428307800215475,48.56645306396151,0.2379992113360376,40.12474012474013,1.4997949743693781,50.04292814670599,49.99689843005055,29.999999999999996,20,50,30,1,1,701-1000mg
48,33.93383806242424,7.851900210461207,26.42991510112432,451.2948332353378,0.6039839961087687,7.851900210461207,26.42991510112432,0.12951942261736596,25.779625779625782,1.2821618519493692,50,49.996753221391536,30,20,49.99999999999798,30,1,1,401-700mg
95,32.12847714892422,14.569032559191687,49.04017042258429,884.4217305194778,0.60385684376117,14.569032559191687,49.04017042258429,0.2403206686391922,40.33264033264034,1.528244717708683,50,49.99212922807421,29.999999999991775,20,49.99999998306015,29.999999999999996,1,1,701-1000mg
83,32.123639370460374,14.492332198674902,48.781960227988115,879.8974974533922,0.6037145210230308,14.492332198674902,48.781960227988115,0.2390553001730262,40.12474012474013,1.504138450631858,50,49.99727377442951,30,20.000009156275933,49.76557806138405,30,1,1,701-1000mg
117,32.13328332334486,14.372007753644063,48.37693774190514,872.3300784133369,0.6036590883220045,14.372007753644063,48.37693774190514,0.23707049165265162,39.91683991683992,1.4085047135154527,51.68951055697432,49.99791330936143,29.999999999999996,20.000000521271637,49.99999999998929,30,1,1,701-1000mg
5,32.08648215639827,14.672748205979628,49.38924300735358,891.8829081227743,0.6035730721110093,14.672748205979628,49.38924300735358,0.24203127793281023,40.54054054054054,1.5024980986807919,50.000000002954174,49.99838078067309,30,20.00000192646056,50,30,1,1,701-1000mg
30,32.01858402622172,14.81990181129207,49.88457038651594,902.737931443535,0.6030818569247952,14.81990181129207,49.88457038651594,0.24445862289807252,40.95634095634096,1.4989789584490314,50.00000001040623,49.99829113682675,29.99999751241333,20.0000246140491,50,30,1,1,701-1000mg
152,31.988663242759696,14.882995823203467,50.096958741658604,907.429400286449,0.602860566924863,14.882995823203467,50.096958741658604,0.24549943322884638,40.95634095634096,1.5037215103628405,50,49.99665851228117,30,20.000002119938692,50,29.999753114931785,1,1,701-1000mg
162,31.97370340773985,14.915580382753836,50.206629327282,909.8414122407281,0.6027505339871241,14.915580382753836,50.206629327282,0.2460368680568857,41.16424116424117,1.5010239387419557,50.00001700233267,49.99831511735803,30,20,50,30,1,1,701-1000mg
66,31.951488972937014,14.962097955708687,50.3632120749979,913.3135395594255,0.6025841672581745,14.962097955708687,50.3632120749979,0.24680420042902032,41.16424116424117,1.5037215103628405,50,49.997986326896566,30,20.000002119938692,50,29.999753114931785,1,1,701-1000mg
70,31.911558420673874,15.044286555541447,50.639894406678536,919.4801394587025,0.6022811936642634,15.044286555541447,50.639894406678536,0.24816009071181586,41.37214137214137,1.502559525628116,50.00000000285278,49.99323924433565,29.999999999999993,20.00000012478321,49.999999999989136,30,1,1,701-1000mg
136,31.892145882080758,15.086312324519119,50.781322195585425,922.6093237164587,0.6021352294923666,15.086312324519119,50.781322195585425,0.2488531422916558,41.58004158004158,1.5002205301807934,50.000000010544156,49.99829110186056,30,20.00000028076184,49.99999999999999,30,1,1,701-1000mg
157,31.868457245618725,15.135109040547267,50.94557451287871,926.2815231901455,0.6019533061126139,15.135109040547267,50.94557451287871,0.24965805842065483,41.58004158004158,1.5022264441258586,50.000000010544156,49.99829110186056,30,20.00002756001898,50,30,1,1,701-1000mg
198,31.844435978943874,15.152733130395307,51.00553667331051,928.0712307926192,0.6017317266541161,15.152733130395307,51.00553667331051,0.24995215769505344,41.58004158004158,1.500977745465635,50,49.99206306070052,29.909679397827077,20,50,30,1,1,701-1000mg
110,31.835972928630486,15.201061274795919,51.16758313482416,931.2672996002892,0.6017010777511387,15.201061274795919,51.16758313482416,0.25074601246688866,41.78794178794179,1.502559525628116,50.00000000285278,49.9967945931495,30,20.00000012770622,49.999999999989136,30,1,1,701-1000mg
54,31.803141618293314,15.26864280221489,51.39504649949586,936.3728595904724,0.601445243745865,15.26864280221489,51.39504649949586,0.2518606855760195,41.78794178794179,1.5001887157418308,50,49.99974569493862,30,20.000000016896564,50,30,1,1,701-1000mg
118,31.769686421737735,15.335159976824547,51.61896044315277,941.4427220195878,0.601179913229632,15.335159976824547,51.61896044315277,0.2529579781061291,41.995841995842,1.5010371622111103,50.00001675031982,49.99770261074231,30,20,50,30,1,1,701-1000mg
170,31.753918911381234,15.366499967170926,51.72445506150035,943.8351973819991,0.6010541557932609,15.366499967170926,51.72445506150035,0.25347495399729364,41.995841995842,1.5002263896161643,50,49.99732209187195,29.999999999999996,20.000011052230402,50,30,1,1,701-1000mg
160,31.732096662877822,15.410128993402687,51.8713057563318,947.1657575727014,0.6008796477931065,15.410128993402687,51.8713057563318,0.25419459096015723,42.20374220374221,1.5002458950194457,50,49.998351912577114,30,20.000000858454136,49.99999999999999,30,1,1,701-1000mg
20,34.02120889541946,7.738149432468822,26.05041525520695,443.67218952257804,0.6008386555688986,7.738149432468822,26.05041525520695,0.12766104491258692,25.363825363825367,1.5536139432174485,50.00000156297254,49.98788140951628,29.007341585330856,20.000000453704306,50,29.999999999999996,1,1,401-700mg
182,31.70709910271109,15.448714111671805,52.001240017420976,950.2869480462857,0.6006663047037781,15.448714111671805,52.001240017420976,0.2548313538489968,42.20374220374221,1.5279779766693327,50,49.99206306070052,29.998171481878966,20,50,30,1,1,701-1000mg
80,31.678038791387547,15.5130129176819,52.21768806593595,955.1177743401875,0.6004380804418018,15.5130129176819,52.21768806593595,0.2558920603672609,42.41164241164241,1.4988284854997516,50,49.98806990066392,30,20.00000044880574,50,29.999999999999996,1,1,701-1000mg
119,31.649854061045247,15.569309744497208,52.407150799123656,959.4368896799516,0.6002086481942392,15.569309744497208,52.407150799123656,0.2568205056279722,42.41164241164241,1.5030107925699427,50.00000034302807,49.99331034862087,29.999999972805732,20.000045989807752,50,30,1,1,701-1000mg
146,31.62910610477745,15.610370201926441,52.54533975754989,962.597795354107,0.6000384271762745,15.610370201926441,52.54533975754989,0.2574976895519214,42.61954261954262,1.50297580925728,50.00000034637827,49.99665661348556,29.999999999999996,20,50,30,1,1,701-1000mg
186,31.606096059841875,15.654785874142593,52.69484046347125,966.0393449792333,0.5998475640613734,15.654785874142593,52.69484046347125,0.2582303137044768,42.61954261954262,1.5000359206892278,50.000000062681906,49.9973620322113,29.999999999999996,20,50,30,1,1,701-1000mg
93,31.59176178762784,15.675619849988069,52.76496770109511,967.7638762476414,0.599721033410187,15.675619849988069,52.76496770109511,0.2585739708188999,42.82744282744283,1.4962393049130251,50.12248136290816,49.997512801641165,29.999999999999076,20.000000017742344,50,29.999999999999996,1,1,701-1000mg
89,31.550450403275903,15.760916131893774,53.05206693372897,974.3036341487692,0.5993807829983243,15.760916131893774,53.05206693372897,0.2599808914753979,42.82744282744283,1.4998898206753621,50.00000000000001,49.99934136662105,30,20,49.99999999999999,30,1,1,701-1000mg
98,34.194724245663686,7.654756523855572,25.766317941005184,436.60713838130255,0.5992927994135173,7.654756523855572,25.766317941005184,0.12626747378647968,25.155925155925157,1.500073455133027,50,49.99704992120358,29.999999999999996,20.00000192877147,50,30,1,1,401-700mg
45,31.53600768220744,15.788166094449005,53.14378894555461,976.4350920531049,0.5992584334729838,15.788166094449005,53.14378894555461,0.2604303727610402,43.03534303534304,1.5001887157418308,50,49.99974569493862,30,20.000000016896564,50,30,1,1,701-1000mg
17,31.47794420633071,15.89534642078864,53.504582116315895,984.8774449172007,0.5987604814280435,15.89534642078864,53.504582116315895,0.262198441951303,43.24324324324324,1.4997375769462595,50.00000039941175,49.99706215293139,29.999999999999996,20.0000000050646,50,29.999999999999996,1,1,701-1000mg
77,34.19812140171414,7.635921414513587,25.702917960320384,435.4895686385059,0.598691675827558,7.635921414513587,25.702917960320384,0.1259567830848628,25.155925155925157,1.4997229730871566,50,49.99704992120358,30,20.00000192877147,50,30,1,1,401-700mg
61,31.44461348299341,15.956670321657311,53.71099962453543,989.7250237791213,0.598471791939546,15.956670321657311,53.71099962453543,0.2632099872048115,43.24324324324324,1.499710712076202,50.00000000001845,49.99735028621832,29.999999999999996,20.000000122945185,50,30,1,1,701-1000mg
96,31.40684832713137,16.012621426520976,53.89933038166174,994.3896359305169,0.5981291167810198,16.012621426520976,53.89933038166174,0.2641328979384592,43.45114345114345,1.529210291733567,50.000000592021095,49.99787023031558,29.999999999999996,20.000001054406138,49.99999999998962,29.990152040829443,1,1,701-1000mg
2,31.37347336423731,16.08585386231403,54.14583125170333,1000,0.5978475134903674,16.08585386231403,54.14583125170333,0.26534087057456296,43.65904365904366,1.5002458950194457,50,49.998351912577114,30,20.000000858454136,50,30,1,1,701-1000mg
3,31.37347336423731,16.08585386231403,54.14583125170333,1000,0.5978475134903674,16.08585386231403,54.14583125170333,0.26534087057456296,43.65904365904366,1.5002458950194457,50,49.998351912577114,30,20.000000879365395,50,30,1,1,701-1000mg
64,34.170887061294536,7.522843732252297,25.32229376648133,429.3825254729764,0.5947500311677502,7.522843732252297,25.32229376648133,0.12409154017050576,24.94802494802495,1.6,50.000000035185124,49.996652660635945,30,20.000030919155567,49.99999999999999,30,1,1,401-700mg
85,34.09530513273809,7.43829152568233,25.040796194870833,425.5502625324914,0.5914218684499798,7.43829152568233,25.040796194870833,0.12271330866583181,24.74012474012474,1.5012355541418376,50,49.987615834354415,29.05354468273634,20,49.99999999999999,30,1,1,401-700mg
137,34.24892818792489,7.347707112272473,24.73277260876004,418.43056055170814,0.5894799906898807,7.347707112272473,24.73277260876004,0.12120259935105639,24.532224532224532,1.500060687216134,50.00008539659421,49.99725822181096,30,20,50,29.999999999999993,1,1,401-700mg
172,34.24716803018327,7.340147787900532,24.70732745546608,418.021561310162,0.5892169060312338,7.340147787900532,24.70732745546608,0.12107790571400423,24.532224532224532,1.4962416126325515,50.12248136290816,49.99727874811453,29.99999999993013,20,50,29.99999999999991,1,1,401-700mg
39,34.25968407677137,7.256540180862376,24.425916867942814,413.10941775943155,0.5865276718927093,7.256540180862376,24.425916867942814,0.11969886397320355,24.324324324324326,1.5024082358065698,50.00000013337244,49.99189101799307,29.999999999999996,20.000000574830775,49.99999999998808,29.98236455793949,1,1,401-700mg
21,34.280369889274,7.164500275105498,24.116080752643242,407.62311852242067,0.5836136934931543,7.164500275105498,24.116080752643242,0.11818050654268512,24.116424116424117,1.4973333519751415,50,49.99978724310285,30,20.000000000000004,50,30,1,1,401-700mg
6,34.281968397762974,7.052620160803248,23.73949418895647,401.2391369207466,0.5799096145891851,7.052620160803248,23.73949418895647,0.11633505260020949,23.90852390852391,1.5002661104907222,50.68003330022124,49.99727764313907,30,20,50,29.99999999999991,1,1,401-700mg
12,34.32199996917706,6.908096392188176,23.253021109635416,392.55849105939745,0.5753813549703473,6.908096392188176,23.253021109635416,0.11395109885750275,23.492723492723496,1.4996850646929285,50,49.996745249305796,30,20.000000884342164,50,30,1,1,200-400mg
127,34.332912981682476,6.830151378387278,22.990678865486235,388.00624572023406,0.5728657036246279,6.830151378387278,22.990678865486235,0.1126655043649082,23.284823284823286,1.491713804169041,50,49.991138185553645,29.997275450104155,20,49.999999999999986,30,1,1,200-400mg
177,34.11773758705887,6.85693155886433,23.080797623142075,391.9838415527744,0.5723016131811889,6.85693155886433,23.080797623142075,0.11310712014334526,23.284823284823286,1.2876058460171629,50,49.99672088209745,29.999999999999996,20.00000000006718,49.99999999999999,30,1,1,200-400mg
112,34.34245124293416,6.774915499382498,22.80474148526996,384.7613484135669,0.5710947582191561,6.774915499382498,22.80474148526996,0.11175431669231438,23.076923076923077,1.500215476214297,50,49.99188510799132,30,20,49.99999999999999,30,1,1,200-400mg
34,34.35133510107007,6.723449046122301,22.63148548028421,381.739426366411,0.5694443343420859,6.723449046122301,22.63148548028421,0.11090527123140281,23.076923076923077,1.499701769224993,50.00001717316641,49.99770261074231,30,20,50,29.999999999999996,1,1,200-400mg
53,34.367876913737575,6.6164870547587205,22.271445060833244,375.4855850997923,0.5660005626042202,6.6164870547587205,22.271445060833244,0.1091408980227937,22.86902286902287,1.5002604598924936,50,49.997942688075256,30,20,50,30,1,1,200-400mg
191,34.37293634741446,6.577586341443806,22.140520590489277,373.2233179101258,0.5647414748797565,6.577586341443806,22.140520590489277,0.10849931148745588,22.66112266112266,1.4995013838649085,50,49.991885147355696,29.999999999999996,20.000000153071838,50,30,1,1,200-400mg
169,34.25737832734931,6.520560442481743,21.951036547019743,371.2771684896883,0.5620804086825203,6.520560442481743,21.951036547019743,0.1075717345723715,22.66112266112266,1.5002622212108268,50,49.12652412622614,30,20.000031148626938,50,29.999999999996245,1,1,200-400mg
195,34.38822886368586,6.472153602216829,21.7856396304741,367.0777667310305,0.5613387698692665,6.472153602216829,21.7856396304741,0.1067602269056026,22.453222453222455,1.4996864608624592,50.00000158892376,49.987816732922205,29.999999999999996,20,50,30,1,1,200-400mg
11,34.16733258421763,6.400709905127301,21.546855481959064,365.4014181901191,0.5575055078398549,6.400709905127301,21.546855481959064,0.10559074821678806,22.245322245322246,1.529210291733567,50,49.380428583268134,29.999999999999996,20.00000000435797,49.20255067206206,29.990655654328496,1,1,200-400mg
7,34.418563082244646,6.271655312161234,21.11073314275999,355.3924163837643,0.5548733062518696,6.271655312161234,21.11073314275999,0.10345284984979676,22.03742203742204,1.4998603623052411,50,49.99430710090979,30,20.000009156275933,50,29.999999999964576,1,1,200-400mg
139,34.230182569159155,6.19236875809523,20.84384112448179,352.83049610203744,0.5510056678996544,6.19236875809523,20.84384112448179,0.10214494561340527,21.82952182952183,1.3797323676383852,50,49.997697737960536,30,20,49.236895547273505,29.999999999999996,1,1,200-400mg
199,34.400804745288525,6.1101977876741875,20.568016332520504,346.4346338070918,0.5493901932511952,6.1101977876741875,20.568016332520504,0.10079357708820548,21.62162162162162,1.501480098491936,50,49.71023921417889,30,20,50,30,1,1,200-400mg
178,34.45276462218114,6.029121488827804,20.294351092465057,341.3097289762245,0.5470310487342529,6.029121488827804,20.294351092465057,0.09945218113317301,21.413721413721415,1.4998603623052411,50,49.99430710090979,30,20.000009156275933,50,29.99999999996318,1,1,200-400mg
116,34.45769323725037,5.992413719441162,20.170787010576742,339.18311103063695,0.5458420539528025,5.992413719441162,20.170787010576742,0.09884665559974519,21.205821205821206,1.491713804169041,50,49.99579239841655,29.99994199719343,20.000000017489718,50,30,1,1,200-400mg
196,34.45246008892611,5.934468818177651,19.975984816561,335.9584050780426,0.5438812469346044,5.934468818177651,19.975984816561,0.09789212765201126,21.205821205821206,1.5009998948248826,50,49.99206306070052,29.909679397827077,20.00002756001898,50,30,1,1,200-400mg
15,34.473752364510574,5.862087391600815,19.73213574307193,331.6523730533791,0.5416105463742777,5.862087391600815,19.73213574307193,0.09669706496100872,20.997920997921,1.4999175243402243,50.00000000131163,49.991950362441976,29.99042844656359,20,49.9999999999981,29.999999999999996,1,1,200-400mg
14,34.489169741586586,5.761828878930942,19.39462216434234,325.83382005068256,0.53837392774608,5.761828878930942,19.39462216434234,0.09504306923405123,20.582120582120584,1.4998603809119506,50,49.99727210164235,30,20.000009156275933,50,30,1,1,200-400mg
37,34.49931073212474,5.683855438632504,19.132159756721684,321.32991323614283,0.5358443108076172,5.683855438632504,19.132159756721684,0.09375687608410244,20.374220374220375,1.499574981502172,50,49.99713679473132,29.999999999999996,20,49.999999999999986,29.999999999999993,1,1,200-400mg
101,34.51188183749379,5.585440546313357,18.80088802099314,315.65109379930607,0.5326493755443873,5.585440546313357,18.80088802099314,0.092133482876977,20.16632016632017,1.5057592021220856,50,49.997946340550904,30,20.000000053066064,50,30,1,1,200-400mg
167,34.51909976239957,5.516588806041714,18.569151264802326,311.69523786110807,0.5304037823131602,5.516588806041714,18.569151264802326,0.09099786895915676,19.95841995841996,1.491713804169041,50,49.991491460319565,29.997382324054538,20.00000000004951,49.999999999999986,29.99999999881367,1,1,200-400mg
180,34.519795947235565,5.5110266533391625,18.55042874306014,311.37468836289906,0.530223071776368,5.5110266533391625,18.55042874306014,0.09090611950036907,19.95841995841996,1.491713804169041,50,49.991491460319565,29.997382246580223,20,49.999999999999986,29.99999999881367,1,1,200-400mg
102,34.52818743023454,5.449462891490031,18.34319472377428,307.82137289248476,0.5282270532184971,5.449462891490031,18.34319472377428,0.08989056929305775,19.95841995841996,1.500205087445376,50.00000000000001,49.99177534814887,30,20,50,30,1,1,200-400mg
67,34.53342327555723,5.413197489343162,18.221110318949563,305.7262872221389,0.5270529368864554,5.413197489343162,18.221110318949563,0.08929229115159373,19.75051975051975,1.5020038831812192,50,49.9972989107307,30,20.00025944038492,49.99999999999999,30,1,1,200-400mg
10,34.54314919238432,5.332281495927863,17.948744063632947,301.0715461387413,0.5244205914348213,5.332281495927863,17.948744063632947,0.0879575647145373,19.542619542619544,1.4963410491867373,50,49.99675004210968,30,20.000030849316882,50,29.999999998876138,1,1,200-400mg
29,34.55466334869126,5.237893496425351,17.631026375064508,295.6436160758879,0.5213504042648994,5.237893496425351,17.631026375064508,0.08640059264675716,19.334719334719335,1.500249727653537,50,49.99790746942968,30,20.000021826607185,50,29.99999999886201,1,1,200-400mg
58,34.56158378257355,5.179104392608922,17.433139144126883,292.2668355647156,0.5194362544645368,5.179104392608922,17.433139144126883,0.08543084910111653,19.12681912681913,1.500249727653537,50,49.99790746942968,30,20.000021826607185,49.99999999999999,29.99999999886201,1,1,200-400mg
42,34.56844960499417,5.1190051460546515,17.23084380973004,288.81797607404894,0.5174778950713999,5.1190051460546515,17.23084380973004,0.0844395044705298,18.91891891891892,1.4995443782180577,50.000000050232444,49.997054063001706,29.999999999999993,20,50,30,1,1,200-400mg
72,34.57613722602621,5.051159627999095,17.00247306050932,284.92673305108815,0.5152664217172312,5.051159627999095,17.00247306050932,0.08332037721995852,18.711018711018713,1.5029539326550105,50.000000001727564,49.99665661348556,30,20,50,30,1,1,200-400mg
74,34.553242050622586,4.955112242838535,16.6796820157313,279.70258183164094,0.5119283328263682,4.955112242838535,16.6796820157313,0.08173874821682248,18.503118503118504,1.506481532229771,50,49.9943075672524,29.76682672788452,20,49.999999999999986,30,1,1,200-400mg
84,34.27063705203533,4.995293327927247,16.818198012284345,284.350752497207,0.5115275639599602,4.995293327927247,16.818198012284345,0.08241884753849138,18.711018711018713,1.4995101638598132,50,49.994290725111625,28.27941963208603,20,49.999999999999986,29.705855268281056,1,1,200-400mg
73,34.59147246031664,4.914826182590481,16.543567511923612,277.11350744503693,0.5108208635465676,4.914826182590481,16.543567511923612,0.08107151715497234,18.503118503118504,1.5011128135087122,50.00000000000001,49.996605603614576,29.99999998638377,20.000000000000004,50,30,1,1,200-400mg
46,34.59834918564606,4.852238553911301,16.33289431150046,273.5302425399351,0.5087785765507528,4.852238553911301,16.33289431150046,0.08003911617510563,18.295218295218298,1.5002676022314008,50.00000000000001,49.99655763232479,30,20,50,30,1,1,200-400mg
18,34.556482134061014,4.800583952876497,16.15903210055219,270.9464055804309,0.506803623861489,4.800583952876497,16.15903210055219,0.07918711086169344,18.08731808731809,1.6,50.00000000000001,49.99181398679899,30,20.00003032310254,49.99999999999999,29.999999999999996,1,1,200-400mg
26,34.61493696092489,4.699475295652932,15.818682251398796,264.79167943137827,0.5037914690504772,4.699475295652932,15.818682251398796,0.07751922618325702,17.87941787941788,1.500249727653537,50,49.99790746942968,30,20.000021826607185,49.99999999999999,29.99999999886201,1,1,200-400mg
49,34.58919841296619,4.67796843735644,15.74628957503128,263.77602107923695,0.5029195498350891,4.67796843735644,15.74628957503128,0.0771644671261935,17.87941787941788,1.4226938924095678,50,49.99764284393028,29.999997398903563,20.000045848045332,49.99999999999985,30,1,1,200-400mg
31,34.62635283002008,4.588475308457783,15.44505034940297,258.45215340915956,0.5001629495739037,4.588475308457783,15.44505034940297,0.07568824835889834,17.463617463617464,1.5057592021220856,50,49.997946340550904,29.999999999999993,20.000000053066064,50,30,1,1,200-400mg
120,34.62989346863344,4.553751371552928,15.32817014820795,256.47009541205784,0.4990275030745869,4.553751371552928,15.32817014820795,0.07511547956721278,17.463617463617464,1.5002622212108268,50,49.9967358566583,30,20.000000026193838,49.99999999999969,30,1,1,200-400mg
138,34.633691211168546,4.509441974405636,15.179032047737728,253.94687466948744,0.49757419846867235,4.509441974405636,15.179032047737728,0.07438463430998243,17.255717255717258,1.5002381601459374,50,49.99180884522164,29.999999999999996,20,50,29.999999999999996,1,1,200-400mg
92,34.637299079296,4.480782697786276,15.082553401589113,252.3064938109374,0.496641024261288,4.480782697786276,15.082553401589113,0.07391183807887555,17.255717255717258,1.4997181138030713,50,49.99688746009424,29.999999999999993,20,50,30,1,1,200-400mg
173,34.61963227148243,4.421731930998735,14.884104026935935,249.11379430576403,0.4945685946884622,4.421731930998735,14.884104026935935,0.0729394672701336,17.04781704781705,1.4962925263990783,50,49.83181478313372,29.999996402199233,20,50,29.999999999940428,1,1,200-400mg
161,34.619466868916845,4.421199232463381,14.88231377110114,249.0850207873114,0.4945498660381052,4.421199232463381,14.88231377110114,0.0729306952815892,17.04781704781705,1.4961129966378126,50,49.830322739847034,29.999999999999996,20,50,29.99999999994156,1,1,200-400mg
124,34.64613577253894,4.3616950473943366,14.681697221428495,245.53818256083213,0.4927261676083766,4.3616950473943366,14.681697221428495,0.07194744775789638,16.839916839916842,1.4995915537720341,50.12420859316752,49.99730840880026,30,20,50,30,1,1,200-400mg
141,34.64939038323753,4.346347505420356,14.63005316510106,244.65149856361205,0.492234166240088,4.346347505420356,14.63005316510106,0.07169437343529449,16.839916839916842,1.500450743065504,50,49.99120439853959,29.997359259012033,20,49.99999999999999,30,1,1,200-400mg
193,34.64409940845035,4.293732318336551,14.452931801709962,241.72649432331247,0.4904497549424255,4.293732318336551,14.452931801709962,0.07082638637733031,16.632016632016633,1.5497275426353678,50,49.99691533965935,30,20,49.99999999999999,30,1,1,200-400mg
97,34.658531561646235,4.246244916283504,14.293108199304903,238.95388521559687,0.4889529092647726,4.246244916283504,14.293108199304903,0.07004318170604404,16.424116424116423,1.5011246803777483,50,49.99691533965935,29.98838402840803,20,49.99999999999999,29.999999999999996,1,1,200-400mg
19,34.66742409941905,4.171286812891751,14.04077118286872,234.67507495051757,0.48650752412887543,4.171286812891751,14.04077118286872,0.06880659812733031,16.216216216216218,1.501013946365189,50,49.99830107253101,30,20.000016287547428,50,30,1,1,200-400mg
27,34.63510819623637,4.0772910928044155,13.724889858695871,229.60948042831774,0.4831862515610288,4.0772910928044155,13.724889858695871,0.06725883158302554,16.008316008316008,1.5000579448058946,50,49.710068261180034,30,20.00000001775107,50,30,1,1,200-400mg
81,34.676468417483896,4.054034637591437,13.646111408983552,228.01930928951427,0.48265311856656246,4.054034637591437,13.646111408983552,0.06687258045166111,16.008316008316008,1.4915937735277582,50,49.99120439853959,29.997359259012033,20.00000000005007,49.999999999999986,30,1,1,200-400mg
40,34.64839689056027,3.998165647073307,13.45805320596563,225.05914749933493,0.4806274637937187,3.998165647073307,13.45805320596563,0.06595100382561722,15.800415800415802,1.5845910865590058,50,49.99120439853959,29.997359259012033,20.00000000005007,49.999999999999986,30,1,1,200-400mg
134,34.66625027037576,3.9477866115627878,13.288470658196783,222.10877068230096,0.47905278024760867,3.9477866115627878,13.288470658196783,0.06511996535351608,15.592515592515593,1.5043617993533258,50,49.99079613710899,29.999999986869643,20.000000000001094,49.999999999999986,29.910427335799124,1,1,200-400mg
156,34.66874198925788,3.9362396263278794,13.249592959670704,221.4430374799285,0.47868247080598425,3.9362396263278794,13.249592959670704,0.06492944177074728,15.592515592515593,1.4995200482650748,50,49.99655991296281,30,20,49.88430817356507,30,1,1,200-400mg
90,34.6911089646261,3.896195898927501,13.114805036569779,219.04897824749244,0.47747776791318286,3.896195898927501,13.114805036569779,0.06426891603327685,15.384615384615385,1.4916759363183425,50,49.99579238001578,29.99994199719343,20,49.99789629722914,30,1,1,200-400mg
142,34.6885672072812,3.864548826813188,13.008274892106886,217.28558756305284,0.47640821343346146,3.864548826813188,13.008274892106886,0.0637468648116164,15.384615384615385,1.4991826627898186,50,49.99834178759766,30,20.000001917633618,49.96276407221997,30,1,1,200-400mg
105,34.65674045097078,3.8321956150470338,12.899854430032068,215.67241044025573,0.47514617682208027,3.8321956150470338,12.899854430032068,0.06321574481950681,15.176715176715177,1.5000579448058946,50,49.71023921417889,30,20.00000001775107,50,30,1,1,200-400mg
174,34.70073103790574,3.794213162862881,12.77152308388593,213.25618956250202,0.4741340575360177,3.794213162862881,12.77152308388593,0.06258666666298666,15.176715176715177,1.500281892540481,50,49.99729013558788,30,20,50,30,1,1,200-400mg
183,34.70073103790574,3.794213162862881,12.77152308388593,213.25618956250202,0.4741340575360177,3.794213162862881,12.77152308388593,0.06258666666298666,15.176715176715177,1.500281892540481,50,49.99729013558788,30,20,50,30,1,1,200-400mg
129,34.68237674960445,3.741815896114474,12.595412071874252,210.42680485641762,0.4722820241876249,3.741815896114474,12.595412071874252,0.06172374160221182,14.96881496881497,1.5034569346561542,50,49.837527169900476,30,20,50,30,1,1,200-400mg
108,34.655268196908835,3.7091784954537848,12.485288601925154,208.75019916782642,0.4710383895742234,3.7091784954537848,12.485288601925154,0.06118397735739508,14.760914760914762,1.6,50.00000000007526,49.99931284841991,30,20.0000321735635,49.96350787023723,30,1,1,200-400mg
145,34.68819996856649,3.6719166539974646,12.360122532899599,206.46124604112447,0.4699857557733903,3.6719166539974646,12.360122532899599,0.06057070658174903,14.760914760914762,1.500157824478408,50,49.837590353474404,30,20,50,29.999999999999915,1,1,200-400mg
175,34.71203800667672,3.6581687060880603,12.31358865617379,205.54272300193594,0.46966387514770236,3.6581687060880603,12.31358865617379,0.06034256490944889,14.760914760914762,1.5044509958961938,50.00000040700336,49.99826647595222,30,20.000000599218797,50,30,1,1,200-400mg
86,34.716709993956144,3.6003628023535725,12.119011782745185,202.26755405661845,0.46776343457610214,3.6003628023535725,12.119011782745185,0.0593890440653076,14.553014553014554,1.499993234995552,50,49.997728605684394,29.999999999999996,20,50,29.999999999999996,1,1,200-400mg
1,34.720131716592135,3.5603520042941335,11.98433064657068,200,0.46644900182771853,3.5603520042941335,11.98433064657068,0.05872904001253513,14.345114345114347,1.4998538016425094,50,49.99944844923165,30,20.000030580604385,49.999999999999986,30,1,1,200-400mg
4,34.720131716592135,3.5603520042941335,11.98433064657068,200,0.46644900182771853,3.5603520042941335,11.98433064657068,0.05872904001253513,14.345114345114347,1.4998538016425094,50,49.99944844923165,30,20,49.999999999999986,30,1,1,200-400mg
